reporting_year,indigenous_status,sex,pph_category,pph_condition,population,pph_age_standardised,pph_crude,number_of_pph,same_day_pph,same_day_percentage,total_pph_bed_days,avg_length_of_stay
201213,Indigenous Australians,Females,Acute PPH,Cellulitis,342917,631.0,530.0,1817.0,282.0,15.5,5559.0,3.1
201213,Indigenous Australians,Males,Acute PPH,Cellulitis,341100,661.0,557.0,1899.0,319.0,16.8,5756.0,3.0
201213,Indigenous Australians,Persons,Acute PPH,Cellulitis,684017,646.0,543.0,3716.0,601.0,16.2,11315.0,3.0
201213,Indigenous Australians,Persons,Acute PPH,Convulsions,684017,257.0,237.0,1619.0,516.0,31.9,3243.0,2.0
201213,Indigenous Australians,Males,Acute PPH,Convulsions,341100,330.0,290.0,988.0,319.0,32.3,1924.0,1.9
201213,Indigenous Australians,Females,Acute PPH,Convulsions,342917,189.0,184.0,631.0,197.0,31.2,1319.0,2.1
201213,Indigenous Australians,Persons,Acute PPH,Convulsions and epilepsy,684017,608.0,524.0,3582.0,1127.0,31.5,7444.0,2.1
201213,Indigenous Australians,Males,Acute PPH,Convulsions and epilepsy,341100,837.0,672.0,2293.0,732.0,31.9,4765.0,2.1
201213,Indigenous Australians,Females,Acute PPH,Convulsions and epilepsy,342917,398.0,376.0,1289.0,395.0,30.6,2679.0,2.1
201213,Indigenous Australians,Persons,Acute PPH,Dental conditions,684017,356.0,449.0,3070.0,2165.0,70.5,4439.0,1.4
201213,Indigenous Australians,Males,Acute PPH,Dental conditions,341100,348.0,453.0,1546.0,1085.0,70.2,2231.0,1.4
201213,Indigenous Australians,Females,Acute PPH,Dental conditions,342917,362.0,444.0,1524.0,1080.0,70.9,2208.0,1.4
201213,Indigenous Australians,Males,Acute PPH,"Ear, nose and throat infections",341100,280.0,400.0,1366.0,466.0,34.1,2013.0,1.5
201213,Indigenous Australians,Females,Acute PPH,"Ear, nose and throat infections",342917,349.0,439.0,1505.0,467.0,31.0,2273.0,1.5
201213,Indigenous Australians,Persons,Acute PPH,"Ear, nose and throat infections",684017,316.0,420.0,2871.0,933.0,32.5,4286.0,1.5
201213,Indigenous Australians,Females,Acute PPH,Eclampsia,342917,,,,,,,
201213,Indigenous Australians,Persons,Acute PPH,Eclampsia,684017,,,,,,,
201213,Indigenous Australians,Males,Acute PPH,Eclampsia,341100,,,,,,,
201213,Indigenous Australians,Persons,Acute PPH,Epilepsy,684017,351.0,287.0,1963.0,611.0,31.1,4201.0,2.1
201213,Indigenous Australians,Females,Acute PPH,Epilepsy,342917,209.0,192.0,658.0,198.0,30.1,1360.0,2.1
201213,Indigenous Australians,Males,Acute PPH,Epilepsy,341100,507.0,383.0,1305.0,413.0,31.6,2841.0,2.2
201213,Indigenous Australians,Females,Acute PPH,Gangrene,342917,97.0,67.0,230.0,14.0,6.1,3504.0,15.2
201213,Indigenous Australians,Males,Acute PPH,Gangrene,341100,119.0,73.0,249.0,27.0,10.8,3641.0,14.6
201213,Indigenous Australians,Persons,Acute PPH,Gangrene,684017,107.0,70.0,479.0,41.0,8.6,7145.0,14.9
201213,Indigenous Australians,Females,Acute PPH,Pelvic inflammatory disease,342917,,,,,,,
201213,Indigenous Australians,Persons,Acute PPH,Pelvic inflammatory disease,684017,63.0,61.0,420.0,118.0,28.1,1183.0,2.8
201213,Indigenous Australians,Males,Acute PPH,Pelvic inflammatory disease,341100,,,,,,,
201213,Indigenous Australians,Males,Acute PPH,Perforated/bleeding ulcer,341100,34.0,20.0,69.0,,,,
201213,Indigenous Australians,Females,Acute PPH,Perforated/bleeding ulcer,342917,19.0,9.0,32.0,,,,
201213,Indigenous Australians,Persons,Acute PPH,Perforated/bleeding ulcer,684017,26.0,15.0,101.0,8.0,7.9,624.0,6.2
201213,Indigenous Australians,Males,Acute PPH,Pneumonia (not vaccine-preventable),341100,15.0,9.0,31.0,,,,
201213,Indigenous Australians,Females,Acute PPH,Pneumonia (not vaccine-preventable),342917,12.0,9.0,32.0,,,,
201213,Indigenous Australians,Persons,Acute PPH,Pneumonia (not vaccine-preventable),684017,13.0,9.0,63.0,,,,
201213,Indigenous Australians,Females,Acute PPH,Total acute,342917,2933.0,2683.0,9199.0,2792.0,30.4,24670.0,2.7
201213,Indigenous Australians,Males,Acute PPH,Total acute,341100,2561.0,2333.0,7959.0,2696.0,33.9,21315.0,2.7
201213,Indigenous Australians,Persons,Acute PPH,Total acute,684017,2753.0,2508.0,17158.0,5488.0,32.0,45985.0,2.7
201213,Indigenous Australians,Persons,Acute PPH,"Urinary tract infections, including pyelonephritis",684017,619.0,419.0,2865.0,495.0,17.3,9221.0,3.2
201213,Indigenous Australians,Females,Acute PPH,"Urinary tract infections, including pyelonephritis",342917,940.0,686.0,2353.0,429.0,18.2,6982.0,3.0
201213,Indigenous Australians,Males,Acute PPH,"Urinary tract infections, including pyelonephritis",341100,270.0,150.0,512.0,66.0,12.9,2239.0,4.4
201213,Indigenous Australians,Females,Acute and vaccine preventable PPH,Total acute and vaccine preventable,342917,3249.0,2938.0,10076.0,2861.0,28.4,30249.0,3.0
201213,Indigenous Australians,Persons,Acute and vaccine preventable PPH,Total acute and vaccine preventable,684017,3084.0,2761.0,18889.0,5620.0,29.8,56897.0,3.0
201213,Indigenous Australians,Males,Acute and vaccine preventable PPH,Total acute and vaccine preventable,341100,2911.0,2584.0,8813.0,2759.0,31.3,26648.0,3.0
201213,Indigenous Australians,Males,Chronic PPH,Angina,341100,483.0,244.0,832.0,270.0,32.5,1629.0,2.0
201213,Indigenous Australians,Persons,Chronic PPH,Angina,684017,438.0,232.0,1587.0,476.0,30.0,3198.0,2.0
201213,Indigenous Australians,Females,Chronic PPH,Angina,342917,398.0,220.0,755.0,206.0,27.3,1569.0,2.1
201213,Indigenous Australians,Persons,Chronic PPH,Asthma,684017,253.0,233.0,1594.0,375.0,23.5,3193.0,2.0
201213,Indigenous Australians,Females,Chronic PPH,Asthma,342917,347.0,298.0,1023.0,232.0,22.7,2209.0,2.2
201213,Indigenous Australians,Males,Chronic PPH,Asthma,341100,149.0,167.0,571.0,143.0,25.0,984.0,1.7
201213,Indigenous Australians,Males,Chronic PPH,Bronchiectasis,341100,115.0,92.0,314.0,37.0,11.8,1812.0,5.8
201213,Indigenous Australians,Females,Chronic PPH,Bronchiectasis,342917,59.0,55.0,189.0,15.0,7.9,1154.0,6.1
201213,Indigenous Australians,Persons,Chronic PPH,Bronchiectasis,684017,86.0,74.0,503.0,52.0,10.3,2966.0,5.9
201213,Indigenous Australians,Females,Chronic PPH,COPD,342917,1058.0,522.0,1791.0,128.0,7.1,7520.0,4.2
201213,Indigenous Australians,Persons,Chronic PPH,COPD,684017,1053.0,468.0,3203.0,254.0,7.9,13939.0,4.4
201213,Indigenous Australians,Males,Chronic PPH,COPD,341100,1060.0,414.0,1412.0,126.0,8.9,6419.0,4.5
201213,Indigenous Australians,Males,Chronic PPH,Congestive cardiac failure,341100,573.0,256.0,872.0,126.0,14.4,4475.0,5.1
201213,Indigenous Australians,Females,Chronic PPH,Congestive cardiac failure,342917,469.0,225.0,771.0,77.0,10.0,4016.0,5.2
201213,Indigenous Australians,Persons,Chronic PPH,Congestive cardiac failure,684017,518.0,240.0,1643.0,203.0,12.4,8491.0,5.2
201213,Indigenous Australians,Males,Chronic PPH,Diabetes complications,341100,683.0,404.0,1379.0,253.0,18.3,8832.0,6.4
201213,Indigenous Australians,Persons,Chronic PPH,Diabetes complications,684017,651.0,402.0,2749.0,449.0,16.3,17260.0,6.3
201213,Indigenous Australians,Females,Chronic PPH,Diabetes complications,342917,621.0,400.0,1370.0,196.0,14.3,8428.0,6.2
201213,Indigenous Australians,Males,Chronic PPH,Hypertension,341100,54.0,28.0,97.0,19.0,19.6,295.0,3.0
201213,Indigenous Australians,Females,Chronic PPH,Hypertension,342917,93.0,51.0,175.0,41.0,23.4,382.0,2.2
201213,Indigenous Australians,Persons,Chronic PPH,Hypertension,684017,75.0,40.0,272.0,60.0,22.1,677.0,2.5
201213,Indigenous Australians,Males,Chronic PPH,Iron deficiency anaemia,341100,145.0,63.0,215.0,136.0,63.3,407.0,1.9
201213,Indigenous Australians,Females,Chronic PPH,Iron deficiency anaemia,342917,305.0,200.0,686.0,505.0,73.6,1086.0,1.6
201213,Indigenous Australians,Persons,Chronic PPH,Iron deficiency anaemia,684017,228.0,132.0,901.0,641.0,71.1,1493.0,1.7
201213,Indigenous Australians,Females,Chronic PPH,Nutritional deficiencies,342917,8.0,,20.0,,,,
201213,Indigenous Australians,Persons,Chronic PPH,Nutritional deficiencies,684017,6.0,5.0,36.0,,,,
201213,Indigenous Australians,Males,Chronic PPH,Nutritional deficiencies,341100,,,16.0,,,,
201213,Indigenous Australians,Females,Chronic PPH,Rheumatic heart disease,342917,78.0,83.0,283.0,60.0,21.2,1928.0,6.8
201213,Indigenous Australians,Persons,Chronic PPH,Rheumatic heart disease,684017,66.0,75.0,513.0,93.0,18.1,3363.0,6.6
201213,Indigenous Australians,Males,Chronic PPH,Rheumatic heart disease,341100,53.0,67.0,230.0,33.0,14.3,1435.0,6.2
201213,Indigenous Australians,Females,Chronic PPH,Total chronic,342917,3436.0,2060.0,7063.0,1461.0,20.7,28709.0,4.1
201213,Indigenous Australians,Persons,Chronic PPH,Total chronic,684017,3373.0,1901.0,13001.0,2604.0,20.0,55217.0,4.2
201213,Indigenous Australians,Males,Chronic PPH,Total chronic,341100,3321.0,1741.0,5938.0,1143.0,19.2,26508.0,4.5
201213,Indigenous Australians,Males,Chronic PPH,Type 1 diabetes complications,341100,89.0,85.0,290.0,46.0,15.9,1182.0,4.1
201213,Indigenous Australians,Persons,Chronic PPH,Type 1 diabetes complications,684017,83.0,85.0,580.0,93.0,16.0,2284.0,3.9
201213,Indigenous Australians,Females,Chronic PPH,Type 1 diabetes complications,342917,78.0,85.0,290.0,47.0,16.2,1102.0,3.8
201213,Indigenous Australians,Persons,Chronic PPH,Type 2 diabetes complications,684017,554.0,307.0,2100.0,341.0,16.2,14497.0,6.9
201213,Indigenous Australians,Females,Chronic PPH,Type 2 diabetes complications,342917,536.0,310.0,1063.0,147.0,13.8,7137.0,6.7
201213,Indigenous Australians,Males,Chronic PPH,Type 2 diabetes complications,341100,574.0,304.0,1037.0,194.0,18.7,7360.0,7.1
201213,Indigenous Australians,Persons,Total PPH,Total potentially preventable,684017,6402.0,4631.0,31674.0,8212.0,25.9,110116.0,3.5
201213,Indigenous Australians,Females,Total PPH,Total potentially preventable,342917,6633.0,4965.0,17026.0,4314.0,25.3,57686.0,3.4
201213,Indigenous Australians,Males,Total PPH,Total potentially preventable,341100,6174.0,4294.0,14648.0,3898.0,26.6,52430.0,3.6
201213,Indigenous Australians,Females,Vaccine preventable PPH,Other vaccine-preventable conditions,342917,91.0,86.0,295.0,40.0,13.6,1914.0,6.5
201213,Indigenous Australians,Males,Vaccine preventable PPH,Other vaccine-preventable conditions,341100,148.0,108.0,370.0,33.0,8.9,2526.0,6.8
201213,Indigenous Australians,Persons,Vaccine preventable PPH,Other vaccine-preventable conditions,684017,117.0,97.0,665.0,73.0,11.0,4440.0,6.7
201213,Indigenous Australians,Males,Vaccine preventable PPH,Other vaccine-preventable conditions (excluding Hepatitis B),341100,29.0,42.0,144.0,,,,
201213,Indigenous Australians,Females,Vaccine preventable PPH,Other vaccine-preventable conditions (excluding Hepatitis B),342917,29.0,39.0,135.0,,,,
201213,Indigenous Australians,Persons,Vaccine preventable PPH,Other vaccine-preventable conditions (excluding Hepatitis B),684017,29.0,41.0,279.0,10.0,3.6,2012.0,7.2
201213,Indigenous Australians,Persons,Vaccine preventable PPH,Pneumonia and influenza (vaccine-preventable),684017,224.0,163.0,1118.0,62.0,5.5,6896.0,6.2
201213,Indigenous Australians,Males,Vaccine preventable PPH,Pneumonia and influenza (vaccine-preventable),341100,212.0,150.0,511.0,32.0,6.3,3093.0,6.1
201213,Indigenous Australians,Females,Vaccine preventable PPH,Pneumonia and influenza (vaccine-preventable),342917,235.0,177.0,607.0,30.0,4.9,3803.0,6.3
201213,Indigenous Australians,Persons,Vaccine preventable PPH,Total vaccine preventable,684017,339.0,259.0,1773.0,135.0,7.6,11275.0,6.4
201213,Indigenous Australians,Males,Vaccine preventable PPH,Total vaccine preventable,341100,358.0,256.0,873.0,65.0,7.4,5589.0,6.4
201213,Indigenous Australians,Females,Vaccine preventable PPH,Total vaccine preventable,342917,325.0,262.0,900.0,70.0,7.8,5686.0,6.3
201314,Indigenous Australians,Males,Acute PPH,Cellulitis,348733,764.0,626.0,2183.0,396.0,18.1,6112.0,2.8
201314,Indigenous Australians,Persons,Acute PPH,Cellulitis,698583,731.0,613.0,4280.0,717.0,16.8,12721.0,3.0
201314,Indigenous Australians,Females,Acute PPH,Cellulitis,349850,702.0,599.0,2097.0,321.0,15.3,6609.0,3.2
201314,Indigenous Australians,Persons,Acute PPH,Convulsions,698583,240.0,219.0,1529.0,523.0,34.2,2636.0,1.7
201314,Indigenous Australians,Females,Acute PPH,Convulsions,349850,173.0,170.0,593.0,207.0,34.9,1047.0,1.8
201314,Indigenous Australians,Males,Acute PPH,Convulsions,348733,313.0,268.0,936.0,316.0,33.8,1589.0,1.7
201314,Indigenous Australians,Males,Acute PPH,Convulsions and epilepsy,348733,800.0,642.0,2239.0,691.0,30.9,4392.0,2.0
201314,Indigenous Australians,Persons,Acute PPH,Convulsions and epilepsy,698583,579.0,497.0,3473.0,1076.0,31.0,6881.0,2.0
201314,Indigenous Australians,Females,Acute PPH,Convulsions and epilepsy,349850,376.0,353.0,1234.0,385.0,31.2,2489.0,2.0
201314,Indigenous Australians,Persons,Acute PPH,Dental conditions,698583,337.0,419.0,2927.0,2112.0,72.2,4067.0,1.4
201314,Indigenous Australians,Males,Acute PPH,Dental conditions,348733,308.0,405.0,1411.0,1030.0,73.0,1971.0,1.4
201314,Indigenous Australians,Females,Acute PPH,Dental conditions,349850,365.0,433.0,1516.0,1082.0,71.4,2096.0,1.4
201314,Indigenous Australians,Persons,Acute PPH,"Ear, nose and throat infections",698583,318.0,419.0,2924.0,925.0,31.6,4782.0,1.6
201314,Indigenous Australians,Males,Acute PPH,"Ear, nose and throat infections",348733,278.0,397.0,1385.0,438.0,31.6,2251.0,1.6
201314,Indigenous Australians,Females,Acute PPH,"Ear, nose and throat infections",349850,356.0,440.0,1539.0,487.0,31.6,2531.0,1.6
201314,Indigenous Australians,Males,Acute PPH,Eclampsia,348733,,,,,,,
201314,Indigenous Australians,Persons,Acute PPH,Eclampsia,698583,,,8.0,,,,
201314,Indigenous Australians,Females,Acute PPH,Eclampsia,349850,,,,,,,
201314,Indigenous Australians,Males,Acute PPH,Epilepsy,348733,487.0,374.0,1303.0,375.0,28.8,2803.0,2.2
201314,Indigenous Australians,Females,Acute PPH,Epilepsy,349850,203.0,183.0,641.0,178.0,27.8,1442.0,2.2
201314,Indigenous Australians,Persons,Acute PPH,Epilepsy,698583,339.0,278.0,1944.0,553.0,28.4,4245.0,2.2
201314,Indigenous Australians,Females,Acute PPH,Gangrene,349850,123.0,85.0,298.0,10.0,3.4,4834.0,16.2
201314,Indigenous Australians,Persons,Acute PPH,Gangrene,698583,149.0,101.0,707.0,38.0,5.4,9724.0,13.8
201314,Indigenous Australians,Males,Acute PPH,Gangrene,348733,178.0,117.0,409.0,28.0,6.8,4890.0,12.0
201314,Indigenous Australians,Persons,Acute PPH,Pelvic inflammatory disease,698583,65.0,62.0,430.0,101.0,23.5,1282.0,3.0
201314,Indigenous Australians,Males,Acute PPH,Pelvic inflammatory disease,348733,,,,,,,
201314,Indigenous Australians,Females,Acute PPH,Pelvic inflammatory disease,349850,,,,,,,
201314,Indigenous Australians,Persons,Acute PPH,Perforated/bleeding ulcer,698583,32.0,18.0,124.0,8.0,6.5,593.0,4.8
201314,Indigenous Australians,Males,Acute PPH,Perforated/bleeding ulcer,348733,42.0,22.0,76.0,,,,
201314,Indigenous Australians,Females,Acute PPH,Perforated/bleeding ulcer,349850,24.0,14.0,48.0,,,,
201314,Indigenous Australians,Females,Acute PPH,Pneumonia (not vaccine-preventable),349850,12.0,10.0,34.0,,,,
201314,Indigenous Australians,Males,Acute PPH,Pneumonia (not vaccine-preventable),348733,16.0,11.0,40.0,,,,
201314,Indigenous Australians,Persons,Acute PPH,Pneumonia (not vaccine-preventable),698583,14.0,11.0,74.0,,,,
201314,Indigenous Australians,Persons,Acute PPH,Total acute,698583,2852.0,2566.0,17924.0,5532.0,30.9,50300.0,2.8
201314,Indigenous Australians,Females,Acute PPH,Total acute,349850,3022.0,2746.0,9606.0,2860.0,29.8,27612.0,2.9
201314,Indigenous Australians,Males,Acute PPH,Total acute,348733,2677.0,2385.0,8318.0,2672.0,32.1,22688.0,2.7
201314,Indigenous Australians,Males,Acute PPH,"Urinary tract infections, including pyelonephritis",348733,297.0,168.0,587.0,89.0,15.2,2435.0,4.1
201314,Indigenous Australians,Females,Acute PPH,"Urinary tract infections, including pyelonephritis",349850,937.0,689.0,2410.0,464.0,19.3,7258.0,3.0
201314,Indigenous Australians,Persons,Acute PPH,"Urinary tract infections, including pyelonephritis",698583,629.0,429.0,2997.0,553.0,18.5,9693.0,3.2
201314,Indigenous Australians,Males,Acute and vaccine preventable PPH,Total acute and vaccine preventable,348733,3455.0,2893.0,10090.0,3004.0,29.8,37225.0,3.7
201314,Indigenous Australians,Persons,Acute and vaccine preventable PPH,Total acute and vaccine preventable,698583,3552.0,3046.0,21278.0,6138.0,28.8,74131.0,3.5
201314,Indigenous Australians,Females,Acute and vaccine preventable PPH,Total acute and vaccine preventable,349850,3654.0,3198.0,11188.0,3134.0,28.0,36906.0,3.3
201314,Indigenous Australians,Persons,Chronic PPH,Angina,698583,425.0,227.0,1584.0,452.0,28.5,3146.0,2.0
201314,Indigenous Australians,Females,Chronic PPH,Angina,349850,408.0,230.0,805.0,210.0,26.1,1645.0,2.0
201314,Indigenous Australians,Males,Chronic PPH,Angina,348733,445.0,223.0,779.0,242.0,31.1,1501.0,1.9
201314,Indigenous Australians,Males,Chronic PPH,Asthma,348733,148.0,173.0,603.0,152.0,25.2,1059.0,1.8
201314,Indigenous Australians,Persons,Chronic PPH,Asthma,698583,244.0,227.0,1589.0,354.0,22.3,3180.0,2.0
201314,Indigenous Australians,Females,Chronic PPH,Asthma,349850,331.0,282.0,986.0,202.0,20.5,2121.0,2.2
201314,Indigenous Australians,Males,Chronic PPH,Bronchiectasis,348733,104.0,89.0,310.0,40.0,12.9,1367.0,4.4
201314,Indigenous Australians,Persons,Chronic PPH,Bronchiectasis,698583,89.0,75.0,522.0,70.0,13.4,2535.0,4.9
201314,Indigenous Australians,Females,Chronic PPH,Bronchiectasis,349850,74.0,61.0,212.0,30.0,14.2,1168.0,5.5
201314,Indigenous Australians,Males,Chronic PPH,COPD,348733,1037.0,405.0,1413.0,138.0,9.8,5978.0,4.2
201314,Indigenous Australians,Persons,Chronic PPH,COPD,698583,1063.0,478.0,3342.0,325.0,9.7,14066.0,4.2
201314,Indigenous Australians,Females,Chronic PPH,COPD,349850,1095.0,551.0,1929.0,187.0,9.7,8088.0,4.2
201314,Indigenous Australians,Males,Chronic PPH,Congestive cardiac failure,348733,517.0,235.0,818.0,75.0,9.2,3920.0,4.8
201314,Indigenous Australians,Persons,Chronic PPH,Congestive cardiac failure,698583,513.0,239.0,1669.0,174.0,10.4,8326.0,5.0
201314,Indigenous Australians,Females,Chronic PPH,Congestive cardiac failure,349850,508.0,243.0,851.0,99.0,11.6,4406.0,5.2
201314,Indigenous Australians,Males,Chronic PPH,Diabetes complications,348733,797.0,433.0,1511.0,305.0,20.2,9128.0,6.0
201314,Indigenous Australians,Persons,Chronic PPH,Diabetes complications,698583,699.0,420.0,2937.0,557.0,19.0,17788.0,6.1
201314,Indigenous Australians,Females,Chronic PPH,Diabetes complications,349850,618.0,408.0,1426.0,252.0,17.7,8660.0,6.1
201314,Indigenous Australians,Persons,Chronic PPH,Hypertension,698583,73.0,42.0,291.0,63.0,21.6,737.0,2.5
201314,Indigenous Australians,Males,Chronic PPH,Hypertension,348733,48.0,29.0,102.0,20.0,19.6,267.0,2.6
201314,Indigenous Australians,Females,Chronic PPH,Hypertension,349850,96.0,54.0,189.0,43.0,22.8,470.0,2.5
201314,Indigenous Australians,Females,Chronic PPH,Iron deficiency anaemia,349850,332.0,222.0,776.0,575.0,74.1,1120.0,1.4
201314,Indigenous Australians,Males,Chronic PPH,Iron deficiency anaemia,348733,163.0,82.0,285.0,197.0,69.1,471.0,1.7
201314,Indigenous Australians,Persons,Chronic PPH,Iron deficiency anaemia,698583,250.0,152.0,1061.0,772.0,72.8,1591.0,1.5
201314,Indigenous Australians,Females,Chronic PPH,Nutritional deficiencies,349850,,,12.0,,,,
201314,Indigenous Australians,Persons,Chronic PPH,Nutritional deficiencies,698583,8.0,5.0,35.0,0.0,0.0,369.0,10.5
201314,Indigenous Australians,Males,Chronic PPH,Nutritional deficiencies,348733,11.0,,23.0,,,,
201314,Indigenous Australians,Males,Chronic PPH,Rheumatic heart disease,348733,53.0,58.0,203.0,32.0,15.8,1080.0,5.3
201314,Indigenous Australians,Persons,Chronic PPH,Rheumatic heart disease,698583,71.0,74.0,516.0,101.0,19.6,2932.0,5.7
201314,Indigenous Australians,Females,Chronic PPH,Rheumatic heart disease,349850,87.0,89.0,313.0,69.0,22.0,1852.0,5.9
201314,Indigenous Australians,Males,Chronic PPH,Total chronic,348733,3322.0,1734.0,6047.0,1201.0,19.9,24972.0,4.1
201314,Indigenous Australians,Females,Chronic PPH,Total chronic,349850,3554.0,2143.0,7499.0,1667.0,22.2,29698.0,4.0
201314,Indigenous Australians,Persons,Chronic PPH,Total chronic,698583,3436.0,1939.0,13546.0,2868.0,21.2,54670.0,4.0
201314,Indigenous Australians,Males,Chronic PPH,Type 1 diabetes complications,348733,84.0,83.0,288.0,44.0,15.3,948.0,3.3
201314,Indigenous Australians,Persons,Chronic PPH,Type 1 diabetes complications,698583,87.0,89.0,625.0,93.0,14.9,2286.0,3.7
201314,Indigenous Australians,Females,Chronic PPH,Type 1 diabetes complications,349850,91.0,96.0,337.0,49.0,14.5,1338.0,4.0
201314,Indigenous Australians,Females,Chronic PPH,Type 2 diabetes complications,349850,522.0,307.0,1075.0,200.0,18.6,7265.0,6.8
201314,Indigenous Australians,Males,Chronic PPH,Type 2 diabetes complications,348733,689.0,332.0,1159.0,247.0,21.3,7965.0,6.9
201314,Indigenous Australians,Persons,Chronic PPH,Type 2 diabetes complications,698583,598.0,320.0,2234.0,447.0,20.0,15230.0,6.8
201314,Indigenous Australians,Females,Total PPH,Total potentially preventable,349850,7126.0,5289.0,18503.0,4785.0,25.9,64616.0,3.5
201314,Indigenous Australians,Persons,Total PPH,Total potentially preventable,698583,6883.0,4922.0,34387.0,8971.0,26.1,124440.0,3.6
201314,Indigenous Australians,Males,Total PPH,Total potentially preventable,348733,6647.0,4555.0,15884.0,4186.0,26.4,59824.0,3.8
201314,Indigenous Australians,Females,Vaccine preventable PPH,Other vaccine-preventable conditions,349850,489.0,351.0,1227.0,272.0,22.2,6941.0,5.7
201314,Indigenous Australians,Persons,Vaccine preventable PPH,Other vaccine-preventable conditions,698583,577.0,392.0,2739.0,608.0,22.2,18594.0,6.8
201314,Indigenous Australians,Males,Vaccine preventable PPH,Other vaccine-preventable conditions,348733,676.0,434.0,1512.0,336.0,22.2,11653.0,7.7
201314,Indigenous Australians,Persons,Vaccine preventable PPH,Other vaccine-preventable conditions (excluding Hepatitis B),698583,28.0,38.0,266.0,21.0,7.9,1676.0,6.3
201314,Indigenous Australians,Females,Vaccine preventable PPH,Other vaccine-preventable conditions (excluding Hepatitis B),349850,26.0,35.0,123.0,11.0,8.9,656.0,5.3
201314,Indigenous Australians,Males,Vaccine preventable PPH,Other vaccine-preventable conditions (excluding Hepatitis B),348733,30.0,41.0,143.0,10.0,7.0,1020.0,7.1
201314,Indigenous Australians,Females,Vaccine preventable PPH,Pneumonia and influenza (vaccine-preventable),349850,185.0,132.0,461.0,17.0,3.7,2991.0,6.5
201314,Indigenous Australians,Persons,Vaccine preventable PPH,Pneumonia and influenza (vaccine-preventable),698583,175.0,124.0,863.0,33.0,3.8,6535.0,7.6
201314,Indigenous Australians,Males,Vaccine preventable PPH,Pneumonia and influenza (vaccine-preventable),348733,164.0,115.0,402.0,16.0,4.0,3544.0,8.8
201314,Indigenous Australians,Persons,Vaccine preventable PPH,Total vaccine preventable,698583,747.0,512.0,3578.0,640.0,17.9,24900.0,7.0
201314,Indigenous Australians,Males,Vaccine preventable PPH,Total vaccine preventable,348733,834.0,545.0,1899.0,352.0,18.5,15037.0,7.9
201314,Indigenous Australians,Females,Vaccine preventable PPH,Total vaccine preventable,349850,670.0,480.0,1679.0,288.0,17.2,9863.0,5.9
201415,Indigenous Australians,Males,Acute PPH,Cellulitis,356587,672.0,549.0,1958.0,306.0,15.6,5725.0,2.9
201415,Indigenous Australians,Persons,Acute PPH,Cellulitis,713589,679.0,552.0,3939.0,608.0,15.4,11802.0,3.0
201415,Indigenous Australians,Females,Acute PPH,Cellulitis,357002,683.0,555.0,1981.0,302.0,15.2,6077.0,3.1
201415,Indigenous Australians,Persons,Acute PPH,Convulsions,713589,261.0,233.0,1662.0,583.0,35.1,3144.0,1.9
201415,Indigenous Australians,Males,Acute PPH,Convulsions,356587,320.0,270.0,964.0,325.0,33.7,1830.0,1.9
201415,Indigenous Australians,Females,Acute PPH,Convulsions,357002,206.0,196.0,698.0,258.0,37.0,1314.0,1.9
201415,Indigenous Australians,Persons,Acute PPH,Convulsions and epilepsy,713589,592.0,508.0,3628.0,1149.0,31.7,7588.0,2.1
201415,Indigenous Australians,Females,Acute PPH,Convulsions and epilepsy,357002,426.0,398.0,1420.0,466.0,32.8,2889.0,2.0
201415,Indigenous Australians,Males,Acute PPH,Convulsions and epilepsy,356587,773.0,619.0,2208.0,683.0,30.9,4699.0,2.1
201415,Indigenous Australians,Persons,Acute PPH,Dental conditions,713589,346.0,428.0,3052.0,2248.0,73.7,4151.0,1.4
201415,Indigenous Australians,Females,Acute PPH,Dental conditions,357002,368.0,440.0,1571.0,1130.0,71.9,2191.0,1.4
201415,Indigenous Australians,Males,Acute PPH,Dental conditions,356587,323.0,415.0,1481.0,1118.0,75.5,1960.0,1.3
201415,Indigenous Australians,Males,Acute PPH,"Ear, nose and throat infections",356587,287.0,403.0,1438.0,472.0,32.8,2205.0,1.5
201415,Indigenous Australians,Females,Acute PPH,"Ear, nose and throat infections",357002,357.0,439.0,1569.0,520.0,33.1,2422.0,1.5
201415,Indigenous Australians,Persons,Acute PPH,"Ear, nose and throat infections",713589,322.0,421.0,3007.0,992.0,33.0,4627.0,1.5
201415,Indigenous Australians,Persons,Acute PPH,Eclampsia,713589,,,,,,,
201415,Indigenous Australians,Males,Acute PPH,Eclampsia,356587,,,,,,,
201415,Indigenous Australians,Females,Acute PPH,Eclampsia,357002,,,,,,,
201415,Indigenous Australians,Males,Acute PPH,Epilepsy,356587,453.0,349.0,1244.0,358.0,28.8,2869.0,2.3
201415,Indigenous Australians,Persons,Acute PPH,Epilepsy,713589,331.0,276.0,1966.0,566.0,28.8,4444.0,2.3
201415,Indigenous Australians,Females,Acute PPH,Epilepsy,357002,220.0,202.0,722.0,208.0,28.8,1575.0,2.2
201415,Indigenous Australians,Females,Acute PPH,Gangrene,357002,142.0,100.0,356.0,19.0,5.3,4170.0,11.7
201415,Indigenous Australians,Males,Acute PPH,Gangrene,356587,174.0,125.0,446.0,17.0,3.8,6034.0,13.5
201415,Indigenous Australians,Persons,Acute PPH,Gangrene,713589,158.0,112.0,802.0,36.0,4.5,10204.0,12.7
201415,Indigenous Australians,Persons,Acute PPH,Pelvic inflammatory disease,713589,62.0,60.0,428.0,100.0,23.4,1254.0,2.9
201415,Indigenous Australians,Males,Acute PPH,Pelvic inflammatory disease,356587,,,,,,,
201415,Indigenous Australians,Females,Acute PPH,Pelvic inflammatory disease,357002,,,,,,,
201415,Indigenous Australians,Persons,Acute PPH,Perforated/bleeding ulcer,713589,26.0,17.0,121.0,5.0,4.1,755.0,6.2
201415,Indigenous Australians,Females,Acute PPH,Perforated/bleeding ulcer,357002,17.0,11.0,41.0,,,,
201415,Indigenous Australians,Males,Acute PPH,Perforated/bleeding ulcer,356587,36.0,22.0,80.0,,,,
201415,Indigenous Australians,Males,Acute PPH,Pneumonia (not vaccine-preventable),356587,15.0,9.0,31.0,,,,
201415,Indigenous Australians,Persons,Acute PPH,Pneumonia (not vaccine-preventable),713589,16.0,12.0,84.0,,,,
201415,Indigenous Australians,Females,Acute PPH,Pneumonia (not vaccine-preventable),357002,17.0,15.0,53.0,,,,
201415,Indigenous Australians,Persons,Acute PPH,Total acute,713589,2824.0,2534.0,18082.0,5715.0,31.6,50377.0,2.8
201415,Indigenous Australians,Males,Acute PPH,Total acute,356587,2558.0,2296.0,8189.0,2700.0,33.0,23283.0,2.8
201415,Indigenous Australians,Females,Acute PPH,Total acute,357002,3076.0,2771.0,9893.0,3015.0,30.5,27094.0,2.7
201415,Indigenous Australians,Persons,Acute PPH,"Urinary tract infections, including pyelonephritis",713589,626.0,426.0,3040.0,577.0,19.0,9158.0,3.0
201415,Indigenous Australians,Males,Acute PPH,"Urinary tract infections, including pyelonephritis",356587,282.0,157.0,559.0,101.0,18.1,1921.0,3.4
201415,Indigenous Australians,Females,Acute PPH,"Urinary tract infections, including pyelonephritis",357002,946.0,695.0,2481.0,476.0,19.2,7237.0,2.9
201415,Indigenous Australians,Persons,Acute and vaccine preventable PPH,Total acute and vaccine preventable,713589,3719.0,3123.0,22288.0,6404.0,28.7,77563.0,3.5
201415,Indigenous Australians,Males,Acute and vaccine preventable PPH,Total acute and vaccine preventable,356587,3415.0,2861.0,10203.0,2979.0,29.2,38382.0,3.8
201415,Indigenous Australians,Females,Acute and vaccine preventable PPH,Total acute and vaccine preventable,357002,4001.0,3385.0,12085.0,3425.0,28.3,39181.0,3.2
201415,Indigenous Australians,Males,Chronic PPH,Angina,356587,398.0,205.0,732.0,238.0,32.5,1433.0,2.0
201415,Indigenous Australians,Persons,Chronic PPH,Angina,713589,382.0,202.0,1440.0,441.0,30.6,3166.0,2.2
201415,Indigenous Australians,Females,Chronic PPH,Angina,357002,366.0,198.0,708.0,203.0,28.7,1733.0,2.4
201415,Indigenous Australians,Persons,Chronic PPH,Asthma,713589,270.0,242.0,1729.0,433.0,25.0,3589.0,2.1
201415,Indigenous Australians,Males,Chronic PPH,Asthma,356587,170.0,189.0,673.0,181.0,26.9,1226.0,1.8
201415,Indigenous Australians,Females,Chronic PPH,Asthma,357002,360.0,296.0,1056.0,252.0,23.9,2363.0,2.2
201415,Indigenous Australians,Persons,Chronic PPH,Bronchiectasis,713589,90.0,72.0,516.0,78.0,15.1,2789.0,5.4
201415,Indigenous Australians,Males,Chronic PPH,Bronchiectasis,356587,104.0,80.0,286.0,39.0,13.6,1360.0,4.8
201415,Indigenous Australians,Females,Chronic PPH,Bronchiectasis,357002,76.0,64.0,230.0,39.0,17.0,1429.0,6.2
201415,Indigenous Australians,Females,Chronic PPH,COPD,357002,1239.0,629.0,2245.0,214.0,9.5,8633.0,3.8
201415,Indigenous Australians,Males,Chronic PPH,COPD,356587,1054.0,441.0,1574.0,156.0,9.9,6217.0,3.9
201415,Indigenous Australians,Persons,Chronic PPH,COPD,713589,1150.0,535.0,3819.0,370.0,9.7,14850.0,3.9
201415,Indigenous Australians,Persons,Chronic PPH,Congestive cardiac failure,713589,537.0,260.0,1853.0,186.0,10.0,9085.0,4.9
201415,Indigenous Australians,Males,Chronic PPH,Congestive cardiac failure,356587,548.0,248.0,886.0,77.0,8.7,4232.0,4.8
201415,Indigenous Australians,Females,Chronic PPH,Congestive cardiac failure,357002,528.0,271.0,967.0,109.0,11.3,4853.0,5.0
201415,Indigenous Australians,Persons,Chronic PPH,Diabetes complications,713589,666.0,428.0,3057.0,449.0,14.7,19101.0,6.2
201415,Indigenous Australians,Males,Chronic PPH,Diabetes complications,356587,719.0,433.0,1545.0,234.0,15.1,10060.0,6.5
201415,Indigenous Australians,Females,Chronic PPH,Diabetes complications,357002,621.0,424.0,1512.0,215.0,14.2,9041.0,6.0
201415,Indigenous Australians,Females,Chronic PPH,Hypertension,357002,82.0,47.0,169.0,39.0,23.1,364.0,2.2
201415,Indigenous Australians,Males,Chronic PPH,Hypertension,356587,46.0,26.0,94.0,26.0,27.7,182.0,1.9
201415,Indigenous Australians,Persons,Chronic PPH,Hypertension,713589,66.0,37.0,263.0,65.0,24.7,546.0,2.1
201415,Indigenous Australians,Persons,Chronic PPH,Iron deficiency anaemia,713589,247.0,151.0,1074.0,782.0,72.8,1593.0,1.5
201415,Indigenous Australians,Males,Chronic PPH,Iron deficiency anaemia,356587,164.0,82.0,292.0,193.0,66.1,489.0,1.7
201415,Indigenous Australians,Females,Chronic PPH,Iron deficiency anaemia,357002,326.0,219.0,782.0,589.0,75.3,1104.0,1.4
201415,Indigenous Australians,Persons,Chronic PPH,Nutritional deficiencies,713589,4.0,4.0,31.0,,,,
201415,Indigenous Australians,Males,Chronic PPH,Nutritional deficiencies,356587,,,16.0,,,,
201415,Indigenous Australians,Females,Chronic PPH,Nutritional deficiencies,357002,,,15.0,,,,
201415,Indigenous Australians,Persons,Chronic PPH,Rheumatic heart disease,713589,73.0,77.0,546.0,111.0,20.3,3683.0,6.7
201415,Indigenous Australians,Males,Chronic PPH,Rheumatic heart disease,356587,49.0,59.0,209.0,40.0,19.1,1491.0,7.1
201415,Indigenous Australians,Females,Chronic PPH,Rheumatic heart disease,357002,96.0,94.0,337.0,71.0,21.1,2192.0,6.5
201415,Indigenous Australians,Persons,Chronic PPH,Total chronic,713589,3485.0,2008.0,14328.0,2916.0,20.4,58873.0,4.1
201415,Indigenous Australians,Males,Chronic PPH,Total chronic,356587,3258.0,1769.0,6307.0,1184.0,18.8,27026.0,4.3
201415,Indigenous Australians,Females,Chronic PPH,Total chronic,357002,3698.0,2247.0,8021.0,1732.0,21.6,31847.0,4.0
201415,Indigenous Australians,Females,Chronic PPH,Type 1 diabetes complications,357002,99.0,108.0,387.0,45.0,11.6,1382.0,3.6
201415,Indigenous Australians,Males,Chronic PPH,Type 1 diabetes complications,356587,94.0,89.0,316.0,58.0,18.4,977.0,3.1
201415,Indigenous Australians,Persons,Chronic PPH,Type 1 diabetes complications,713589,96.0,99.0,703.0,103.0,14.7,2359.0,3.4
201415,Indigenous Australians,Males,Chronic PPH,Type 2 diabetes complications,356587,599.0,324.0,1156.0,155.0,13.4,8863.0,7.7
201415,Indigenous Australians,Persons,Chronic PPH,Type 2 diabetes complications,713589,556.0,318.0,2267.0,322.0,14.2,16475.0,7.3
201415,Indigenous Australians,Females,Chronic PPH,Type 2 diabetes complications,357002,518.0,311.0,1111.0,167.0,15.0,7612.0,6.9
201415,Indigenous Australians,Persons,Total PPH,Total potentially preventable,713589,7069.0,5048.0,36021.0,9269.0,25.7,132024.0,3.7
201415,Indigenous Australians,Females,Total PPH,Total potentially preventable,357002,7573.0,5550.0,19815.0,5130.0,25.9,68823.0,3.5
201415,Indigenous Australians,Males,Total PPH,Total potentially preventable,356587,6529.0,4545.0,16206.0,4139.0,25.5,63201.0,3.9
201415,Indigenous Australians,Persons,Vaccine preventable PPH,Other vaccine-preventable conditions,713589,692.0,439.0,3136.0,651.0,20.8,19816.0,6.3
201415,Indigenous Australians,Males,Vaccine preventable PPH,Other vaccine-preventable conditions,356587,698.0,445.0,1586.0,267.0,16.8,11477.0,7.2
201415,Indigenous Australians,Females,Vaccine preventable PPH,Other vaccine-preventable conditions,357002,681.0,434.0,1550.0,384.0,24.8,8339.0,5.4
201415,Indigenous Australians,Persons,Vaccine preventable PPH,Other vaccine-preventable conditions (excluding Hepatitis B),713589,24.0,32.0,225.0,11.0,4.9,1424.0,6.3
201415,Indigenous Australians,Males,Vaccine preventable PPH,Other vaccine-preventable conditions (excluding Hepatitis B),356587,20.0,31.0,111.0,,,,
201415,Indigenous Australians,Females,Vaccine preventable PPH,Other vaccine-preventable conditions (excluding Hepatitis B),357002,27.0,32.0,114.0,,,,
201415,Indigenous Australians,Persons,Vaccine preventable PPH,Pneumonia and influenza (vaccine-preventable),713589,260.0,189.0,1346.0,80.0,5.9,8787.0,6.5
201415,Indigenous Australians,Males,Vaccine preventable PPH,Pneumonia and influenza (vaccine-preventable),356587,218.0,160.0,569.0,34.0,6.0,4297.0,7.6
201415,Indigenous Australians,Females,Vaccine preventable PPH,Pneumonia and influenza (vaccine-preventable),357002,298.0,218.0,777.0,46.0,5.9,4490.0,5.8
201415,Indigenous Australians,Persons,Vaccine preventable PPH,Total vaccine preventable,713589,944.0,623.0,4445.0,729.0,16.4,28348.0,6.4
201415,Indigenous Australians,Males,Vaccine preventable PPH,Total vaccine preventable,356587,906.0,598.0,2132.0,301.0,14.1,15587.0,7.3
201415,Indigenous Australians,Females,Vaccine preventable PPH,Total vaccine preventable,357002,974.0,648.0,2313.0,428.0,18.5,12761.0,5.5
201516,Indigenous Australians,Males,Acute PPH,Cellulitis,364669,750.0,629.0,2292.0,384.0,16.8,6393.0,2.8
201516,Indigenous Australians,Females,Acute PPH,Cellulitis,364379,739.0,617.0,2248.0,378.0,16.8,6510.0,2.9
201516,Indigenous Australians,Persons,Acute PPH,Cellulitis,729048,745.0,623.0,4540.0,762.0,16.8,12903.0,2.8
201516,Indigenous Australians,Persons,Acute PPH,Convulsions,729048,258.0,237.0,1726.0,532.0,30.8,2980.0,1.7
201516,Indigenous Australians,Females,Acute PPH,Convulsions,364379,207.0,201.0,733.0,229.0,31.2,1260.0,1.7
201516,Indigenous Australians,Males,Acute PPH,Convulsions,364669,313.0,272.0,993.0,303.0,30.5,1720.0,1.7
201516,Indigenous Australians,Persons,Acute PPH,Convulsions and epilepsy,729048,597.0,523.0,3816.0,1206.0,31.6,8663.0,2.3
201516,Indigenous Australians,Males,Acute PPH,Convulsions and epilepsy,364669,756.0,625.0,2278.0,719.0,31.6,5313.0,2.3
201516,Indigenous Australians,Females,Acute PPH,Convulsions and epilepsy,364379,451.0,422.0,1538.0,487.0,31.7,3350.0,2.2
201516,Indigenous Australians,Persons,Acute PPH,Dental conditions,729048,390.0,480.0,3499.0,2596.0,74.2,4806.0,1.4
201516,Indigenous Australians,Females,Acute PPH,Dental conditions,364379,408.0,483.0,1759.0,1282.0,72.9,2468.0,1.4
201516,Indigenous Australians,Males,Acute PPH,Dental conditions,364669,371.0,477.0,1740.0,1314.0,75.5,2338.0,1.3
201516,Indigenous Australians,Persons,Acute PPH,"Ear, nose and throat infections",729048,336.0,430.0,3138.0,1126.0,35.9,4663.0,1.5
201516,Indigenous Australians,Males,Acute PPH,"Ear, nose and throat infections",364669,295.0,415.0,1515.0,538.0,35.5,2224.0,1.5
201516,Indigenous Australians,Females,Acute PPH,"Ear, nose and throat infections",364379,375.0,445.0,1623.0,588.0,36.2,2439.0,1.5
201516,Indigenous Australians,Males,Acute PPH,Eclampsia,364669,,,,,,,
201516,Indigenous Australians,Females,Acute PPH,Eclampsia,364379,,,,,,,
201516,Indigenous Australians,Persons,Acute PPH,Eclampsia,729048,,,11.0,,,,
201516,Indigenous Australians,Persons,Acute PPH,Epilepsy,729048,339.0,287.0,2090.0,674.0,32.2,5683.0,2.7
201516,Indigenous Australians,Males,Acute PPH,Epilepsy,364669,443.0,352.0,1285.0,416.0,32.4,3593.0,2.8
201516,Indigenous Australians,Females,Acute PPH,Epilepsy,364379,244.0,221.0,805.0,258.0,32.0,2090.0,2.6
201516,Indigenous Australians,Persons,Acute PPH,Gangrene,729048,176.0,124.0,907.0,50.0,5.5,10490.0,11.6
201516,Indigenous Australians,Males,Acute PPH,Gangrene,364669,190.0,133.0,485.0,27.0,5.6,5240.0,10.8
201516,Indigenous Australians,Females,Acute PPH,Gangrene,364379,162.0,116.0,422.0,23.0,5.5,5250.0,12.4
201516,Indigenous Australians,Persons,Acute PPH,Pelvic inflammatory disease,729048,68.0,68.0,497.0,118.0,23.7,1248.0,2.5
201516,Indigenous Australians,Males,Acute PPH,Pelvic inflammatory disease,364669,,,,,,,
201516,Indigenous Australians,Females,Acute PPH,Pelvic inflammatory disease,364379,,,,,,,
201516,Indigenous Australians,Persons,Acute PPH,Perforated/bleeding ulcer,729048,39.0,23.0,170.0,18.0,10.6,1083.0,6.4
201516,Indigenous Australians,Females,Acute PPH,Perforated/bleeding ulcer,364379,32.0,18.0,67.0,10.0,14.9,462.0,6.9
201516,Indigenous Australians,Males,Acute PPH,Perforated/bleeding ulcer,364669,47.0,28.0,103.0,8.0,7.8,621.0,6.0
201516,Indigenous Australians,Persons,Acute PPH,Pneumonia (not vaccine-preventable),729048,24.0,20.0,147.0,,,,
201516,Indigenous Australians,Males,Acute PPH,Pneumonia (not vaccine-preventable),364669,23.0,19.0,70.0,,,,
201516,Indigenous Australians,Females,Acute PPH,Pneumonia (not vaccine-preventable),364379,24.0,21.0,77.0,,,,
201516,Indigenous Australians,Persons,Acute PPH,Total acute,729048,3013.0,2738.0,19959.0,6537.0,32.8,55636.0,2.8
201516,Indigenous Australians,Males,Acute PPH,Total acute,364669,2713.0,2489.0,9077.0,3088.0,34.0,25184.0,2.8
201516,Indigenous Australians,Females,Acute PPH,Total acute,364379,3297.0,2986.0,10882.0,3449.0,31.7,30452.0,2.8
201516,Indigenous Australians,Persons,Acute PPH,"Urinary tract infections, including pyelonephritis",729048,643.0,449.0,3271.0,659.0,20.1,10813.0,3.3
201516,Indigenous Australians,Males,Acute PPH,"Urinary tract infections, including pyelonephritis",364669,288.0,168.0,611.0,97.0,15.9,2489.0,4.1
201516,Indigenous Australians,Females,Acute PPH,"Urinary tract infections, including pyelonephritis",364379,976.0,730.0,2660.0,562.0,21.1,8324.0,3.1
201516,Indigenous Australians,Persons,Acute and vaccine preventable PPH,Total acute and vaccine preventable,729048,3929.0,3351.0,24433.0,7311.0,29.9,82655.0,3.4
201516,Indigenous Australians,Males,Acute and vaccine preventable PPH,Total acute and vaccine preventable,364669,3589.0,3076.0,11217.0,3391.0,30.2,39367.0,3.5
201516,Indigenous Australians,Females,Acute and vaccine preventable PPH,Total acute and vaccine preventable,364379,4247.0,3627.0,13216.0,3920.0,29.7,43288.0,3.3
201516,Indigenous Australians,Persons,Chronic PPH,Angina,729048,368.0,200.0,1457.0,491.0,33.7,3120.0,2.1
201516,Indigenous Australians,Males,Chronic PPH,Angina,364669,374.0,196.0,713.0,241.0,33.8,1463.0,2.1
201516,Indigenous Australians,Females,Chronic PPH,Angina,364379,363.0,204.0,744.0,250.0,33.6,1657.0,2.2
201516,Indigenous Australians,Persons,Chronic PPH,Asthma,729048,278.0,263.0,1915.0,485.0,25.3,3638.0,1.9
201516,Indigenous Australians,Males,Chronic PPH,Asthma,364669,171.0,200.0,731.0,195.0,26.7,1197.0,1.6
201516,Indigenous Australians,Females,Chronic PPH,Asthma,364379,375.0,325.0,1184.0,290.0,24.5,2441.0,2.1
201516,Indigenous Australians,Persons,Chronic PPH,Bronchiectasis,729048,85.0,66.0,481.0,72.0,15.0,2839.0,5.9
201516,Indigenous Australians,Males,Chronic PPH,Bronchiectasis,364669,106.0,79.0,287.0,35.0,12.2,1658.0,5.8
201516,Indigenous Australians,Females,Chronic PPH,Bronchiectasis,364379,66.0,53.0,194.0,37.0,19.1,1181.0,6.1
201516,Indigenous Australians,Persons,Chronic PPH,COPD,729048,1169.0,566.0,4126.0,459.0,11.1,15935.0,3.9
201516,Indigenous Australians,Males,Chronic PPH,COPD,364669,1075.0,471.0,1717.0,206.0,12.0,6308.0,3.7
201516,Indigenous Australians,Females,Chronic PPH,COPD,364379,1256.0,661.0,2409.0,253.0,10.5,9627.0,4.0
201516,Indigenous Australians,Persons,Chronic PPH,Congestive cardiac failure,729048,542.0,262.0,1908.0,203.0,10.6,9784.0,5.1
201516,Indigenous Australians,Males,Chronic PPH,Congestive cardiac failure,364669,536.0,247.0,902.0,107.0,11.9,4627.0,5.1
201516,Indigenous Australians,Females,Chronic PPH,Congestive cardiac failure,364379,546.0,276.0,1006.0,96.0,9.5,5157.0,5.1
201516,Indigenous Australians,Persons,Chronic PPH,Diabetes complications,729048,683.0,442.0,3222.0,538.0,16.7,20166.0,6.3
201516,Indigenous Australians,Males,Chronic PPH,Diabetes complications,364669,702.0,428.0,1560.0,264.0,16.9,10366.0,6.6
201516,Indigenous Australians,Females,Chronic PPH,Diabetes complications,364379,667.0,456.0,1662.0,274.0,16.5,9800.0,5.9
201516,Indigenous Australians,Persons,Chronic PPH,Hypertension,729048,80.0,46.0,337.0,77.0,22.8,821.0,2.4
201516,Indigenous Australians,Males,Chronic PPH,Hypertension,364669,46.0,29.0,105.0,23.0,21.9,313.0,3.0
201516,Indigenous Australians,Females,Chronic PPH,Hypertension,364379,109.0,64.0,232.0,54.0,23.3,508.0,2.2
201516,Indigenous Australians,Persons,Chronic PPH,Iron deficiency anaemia,729048,275.0,174.0,1265.0,979.0,77.4,1872.0,1.5
201516,Indigenous Australians,Males,Chronic PPH,Iron deficiency anaemia,364669,167.0,87.0,318.0,209.0,65.7,580.0,1.8
201516,Indigenous Australians,Females,Chronic PPH,Iron deficiency anaemia,364379,376.0,260.0,947.0,770.0,81.3,1292.0,1.4
201516,Indigenous Australians,Persons,Chronic PPH,Nutritional deficiencies,729048,6.0,4.0,32.0,0.0,0.0,551.0,17.2
201516,Indigenous Australians,Males,Chronic PPH,Nutritional deficiencies,364669,,,19.0,,,,
201516,Indigenous Australians,Females,Chronic PPH,Nutritional deficiencies,364379,,,13.0,,,,
201516,Indigenous Australians,Persons,Chronic PPH,Rheumatic heart disease,729048,77.0,83.0,602.0,104.0,17.3,4207.0,7.0
201516,Indigenous Australians,Males,Chronic PPH,Rheumatic heart disease,364669,56.0,65.0,237.0,30.0,12.7,1468.0,6.2
201516,Indigenous Australians,Females,Chronic PPH,Rheumatic heart disease,364379,97.0,100.0,365.0,74.0,20.3,2739.0,7.5
201516,Indigenous Australians,Persons,Chronic PPH,Total chronic,729048,3561.0,2105.0,15344.0,3408.0,22.2,62920.0,4.1
201516,Indigenous Australians,Males,Chronic PPH,Total chronic,364669,3241.0,1807.0,6589.0,1310.0,19.9,28386.0,4.3
201516,Indigenous Australians,Females,Chronic PPH,Total chronic,364379,3859.0,2403.0,8755.0,2098.0,24.0,34534.0,3.9
201516,Indigenous Australians,Persons,Chronic PPH,Type 1 diabetes complications,729048,117.0,117.0,856.0,181.0,21.1,2915.0,3.4
201516,Indigenous Australians,Males,Chronic PPH,Type 1 diabetes complications,364669,98.0,100.0,363.0,64.0,17.6,1329.0,3.7
201516,Indigenous Australians,Females,Chronic PPH,Type 1 diabetes complications,364379,136.0,135.0,493.0,117.0,23.7,1586.0,3.2
201516,Indigenous Australians,Persons,Chronic PPH,Type 2 diabetes complications,729048,556.0,316.0,2307.0,351.0,15.2,16866.0,7.3
201516,Indigenous Australians,Males,Chronic PPH,Type 2 diabetes complications,364669,590.0,317.0,1155.0,194.0,16.8,8798.0,7.6
201516,Indigenous Australians,Females,Chronic PPH,Type 2 diabetes complications,364379,525.0,316.0,1152.0,157.0,13.6,8068.0,7.0
201516,Indigenous Australians,Persons,Total PPH,Total potentially preventable,729048,7361.0,5377.0,39198.0,10673.0,27.2,140724.0,3.6
201516,Indigenous Australians,Males,Total PPH,Total potentially preventable,364669,6694.0,4802.0,17511.0,4680.0,26.7,65219.0,3.7
201516,Indigenous Australians,Females,Total PPH,Total potentially preventable,364379,7983.0,5952.0,21687.0,5993.0,27.6,75505.0,3.5
201516,Indigenous Australians,Persons,Vaccine preventable PPH,Other vaccine-preventable conditions,729048,728.0,474.0,3455.0,755.0,21.9,20218.0,5.9
201516,Indigenous Australians,Males,Vaccine preventable PPH,Other vaccine-preventable conditions,364669,725.0,473.0,1724.0,304.0,17.6,10809.0,6.3
201516,Indigenous Australians,Females,Vaccine preventable PPH,Other vaccine-preventable conditions,364379,727.0,475.0,1731.0,451.0,26.1,9409.0,5.4
201516,Indigenous Australians,Persons,Vaccine preventable PPH,Other vaccine-preventable conditions (excluding Hepatitis B),729048,26.0,33.0,244.0,17.0,7.0,1922.0,7.9
201516,Indigenous Australians,Males,Vaccine preventable PPH,Other vaccine-preventable conditions (excluding Hepatitis B),364669,28.0,38.0,140.0,9.0,6.4,859.0,6.1
201516,Indigenous Australians,Females,Vaccine preventable PPH,Other vaccine-preventable conditions (excluding Hepatitis B),364379,24.0,29.0,104.0,8.0,7.7,1063.0,10.2
201516,Indigenous Australians,Persons,Vaccine preventable PPH,Pneumonia and influenza (vaccine-preventable),729048,260.0,190.0,1384.0,67.0,4.8,9516.0,6.9
201516,Indigenous Australians,Males,Vaccine preventable PPH,Pneumonia and influenza (vaccine-preventable),364669,232.0,166.0,606.0,27.0,4.5,4650.0,7.7
201516,Indigenous Australians,Females,Vaccine preventable PPH,Pneumonia and influenza (vaccine-preventable),364379,286.0,214.0,778.0,40.0,5.1,4866.0,6.3
201516,Indigenous Australians,Persons,Vaccine preventable PPH,Total vaccine preventable,729048,978.0,657.0,4792.0,822.0,17.2,28980.0,6.0
201516,Indigenous Australians,Males,Vaccine preventable PPH,Total vaccine preventable,364669,947.0,633.0,2308.0,331.0,14.3,15337.0,6.6
201516,Indigenous Australians,Females,Vaccine preventable PPH,Total vaccine preventable,364379,1004.0,682.0,2484.0,491.0,19.8,13643.0,5.5
201617,Indigenous Australians,Males,Acute PPH,Cellulitis,372978,823.0,683.0,2549.0,403.0,15.8,6982.0,2.7
201617,Indigenous Australians,Females,Acute PPH,Cellulitis,371978,780.0,652.0,2425.0,427.0,17.6,6904.0,2.8
201617,Indigenous Australians,Persons,Acute PPH,Cellulitis,744956,801.0,668.0,4974.0,830.0,16.7,13886.0,2.8
201617,Indigenous Australians,Persons,Acute PPH,Convulsions,744956,246.0,223.0,1659.0,585.0,35.3,2932.0,1.8
201617,Indigenous Australians,Females,Acute PPH,Convulsions,371978,187.0,174.0,648.0,222.0,34.3,1234.0,1.9
201617,Indigenous Australians,Males,Acute PPH,Convulsions,372978,308.0,271.0,1011.0,363.0,35.9,1698.0,1.7
201617,Indigenous Australians,Persons,Acute PPH,Convulsions and epilepsy,744956,598.0,523.0,3897.0,1296.0,33.3,9313.0,2.4
201617,Indigenous Australians,Males,Acute PPH,Convulsions and epilepsy,372978,759.0,637.0,2376.0,811.0,34.1,5533.0,2.3
201617,Indigenous Australians,Females,Acute PPH,Convulsions and epilepsy,371978,446.0,409.0,1521.0,485.0,31.9,3780.0,2.5
201617,Indigenous Australians,Persons,Acute PPH,Dental conditions,744956,384.0,459.0,3418.0,2489.0,72.8,4640.0,1.4
201617,Indigenous Australians,Females,Acute PPH,Dental conditions,371978,396.0,469.0,1743.0,1252.0,71.8,2370.0,1.4
201617,Indigenous Australians,Males,Acute PPH,Dental conditions,372978,372.0,449.0,1675.0,1237.0,73.9,2270.0,1.4
201617,Indigenous Australians,Persons,Acute PPH,"Ear, nose and throat infections",744956,383.0,491.0,3660.0,1354.0,37.0,5500.0,1.5
201617,Indigenous Australians,Males,Acute PPH,"Ear, nose and throat infections",372978,332.0,468.0,1744.0,652.0,37.4,2625.0,1.5
201617,Indigenous Australians,Females,Acute PPH,"Ear, nose and throat infections",371978,431.0,515.0,1916.0,702.0,36.6,2875.0,1.5
201617,Indigenous Australians,Males,Acute PPH,Eclampsia,372978,,,,,,,
201617,Indigenous Australians,Females,Acute PPH,Eclampsia,371978,,,,,,,
201617,Indigenous Australians,Persons,Acute PPH,Eclampsia,744956,,,7.0,,,,
201617,Indigenous Australians,Persons,Acute PPH,Epilepsy,744956,352.0,300.0,2238.0,711.0,31.8,6381.0,2.9
201617,Indigenous Australians,Males,Acute PPH,Epilepsy,372978,450.0,366.0,1365.0,448.0,32.8,3835.0,2.8
201617,Indigenous Australians,Females,Acute PPH,Epilepsy,371978,259.0,235.0,873.0,263.0,30.1,2546.0,2.9
201617,Indigenous Australians,Persons,Acute PPH,Gangrene,744956,196.0,137.0,1021.0,72.0,7.1,11697.0,11.5
201617,Indigenous Australians,Males,Acute PPH,Gangrene,372978,198.0,133.0,495.0,37.0,7.5,5748.0,11.6
201617,Indigenous Australians,Females,Acute PPH,Gangrene,371978,194.0,141.0,526.0,35.0,6.7,5949.0,11.3
201617,Indigenous Australians,Persons,Acute PPH,Pelvic inflammatory disease,744956,76.0,74.0,550.0,125.0,22.7,1428.0,2.6
201617,Indigenous Australians,Males,Acute PPH,Pelvic inflammatory disease,372978,,,,,,,
201617,Indigenous Australians,Females,Acute PPH,Pelvic inflammatory disease,371978,,,,,,,
201617,Indigenous Australians,Persons,Acute PPH,Perforated/bleeding ulcer,744956,37.0,22.0,165.0,14.0,8.5,842.0,5.1
201617,Indigenous Australians,Females,Acute PPH,Perforated/bleeding ulcer,371978,17.0,10.0,37.0,,,,
201617,Indigenous Australians,Males,Acute PPH,Perforated/bleeding ulcer,372978,58.0,34.0,128.0,,,,
201617,Indigenous Australians,Persons,Acute PPH,Pneumonia (not vaccine-preventable),744956,20.0,16.0,119.0,,,,
201617,Indigenous Australians,Males,Acute PPH,Pneumonia (not vaccine-preventable),372978,23.0,17.0,63.0,,,,
201617,Indigenous Australians,Females,Acute PPH,Pneumonia (not vaccine-preventable),371978,18.0,15.0,56.0,,,,
201617,Indigenous Australians,Persons,Acute PPH,Total acute,744956,3111.0,2832.0,21099.0,6898.0,32.7,58010.0,2.7
201617,Indigenous Australians,Males,Acute PPH,Total acute,372978,2834.0,2582.0,9631.0,3252.0,33.8,27117.0,2.8
201617,Indigenous Australians,Females,Acute PPH,Total acute,371978,3377.0,3083.0,11468.0,3646.0,31.8,30893.0,2.7
201617,Indigenous Australians,Persons,Acute PPH,"Urinary tract infections, including pyelonephritis",744956,624.0,448.0,3334.0,718.0,21.5,9386.0,2.8
201617,Indigenous Australians,Males,Acute PPH,"Urinary tract infections, including pyelonephritis",372978,275.0,167.0,624.0,101.0,16.2,2353.0,3.8
201617,Indigenous Australians,Females,Acute PPH,"Urinary tract infections, including pyelonephritis",371978,952.0,729.0,2710.0,617.0,22.8,7033.0,2.6
201617,Indigenous Australians,Persons,Acute and vaccine preventable PPH,Total acute and vaccine preventable,744956,4068.0,3489.0,25988.0,7614.0,29.3,90363.0,3.5
201617,Indigenous Australians,Males,Acute and vaccine preventable PPH,Total acute and vaccine preventable,372978,3770.0,3216.0,11994.0,3600.0,30.0,43612.0,3.6
201617,Indigenous Australians,Females,Acute and vaccine preventable PPH,Total acute and vaccine preventable,371978,4352.0,3762.0,13994.0,4014.0,28.7,46751.0,3.3
201617,Indigenous Australians,Persons,Chronic PPH,Angina,744956,355.0,195.0,1452.0,493.0,34.0,2676.0,1.8
201617,Indigenous Australians,Males,Chronic PPH,Angina,372978,383.0,197.0,736.0,263.0,35.7,1351.0,1.8
201617,Indigenous Australians,Females,Chronic PPH,Angina,371978,330.0,192.0,716.0,230.0,32.1,1325.0,1.9
201617,Indigenous Australians,Persons,Chronic PPH,Asthma,744956,294.0,274.0,2039.0,623.0,30.6,3826.0,1.9
201617,Indigenous Australians,Males,Chronic PPH,Asthma,372978,174.0,195.0,729.0,245.0,33.6,1146.0,1.6
201617,Indigenous Australians,Females,Chronic PPH,Asthma,371978,406.0,352.0,1310.0,378.0,28.9,2680.0,2.0
201617,Indigenous Australians,Persons,Chronic PPH,Bronchiectasis,744956,89.0,70.0,524.0,75.0,14.3,2811.0,5.4
201617,Indigenous Australians,Males,Chronic PPH,Bronchiectasis,372978,87.0,66.0,248.0,32.0,12.9,1370.0,5.5
201617,Indigenous Australians,Females,Chronic PPH,Bronchiectasis,371978,92.0,74.0,276.0,43.0,15.6,1441.0,5.2
201617,Indigenous Australians,Persons,Chronic PPH,COPD,744956,1252.0,628.0,4677.0,517.0,11.1,18135.0,3.9
201617,Indigenous Australians,Males,Chronic PPH,COPD,372978,1154.0,522.0,1948.0,214.0,11.0,7525.0,3.9
201617,Indigenous Australians,Females,Chronic PPH,COPD,371978,1345.0,734.0,2729.0,303.0,11.1,10610.0,3.9
201617,Indigenous Australians,Persons,Chronic PPH,Congestive cardiac failure,744956,533.0,265.0,1973.0,194.0,9.8,10368.0,5.3
201617,Indigenous Australians,Males,Chronic PPH,Congestive cardiac failure,372978,503.0,245.0,915.0,87.0,9.5,4603.0,5.0
201617,Indigenous Australians,Females,Chronic PPH,Congestive cardiac failure,371978,558.0,284.0,1058.0,107.0,10.1,5765.0,5.4
201617,Indigenous Australians,Persons,Chronic PPH,Diabetes complications,744956,683.0,441.0,3282.0,614.0,18.7,18665.0,5.7
201617,Indigenous Australians,Males,Chronic PPH,Diabetes complications,372978,743.0,441.0,1643.0,334.0,20.3,9865.0,6.0
201617,Indigenous Australians,Females,Chronic PPH,Diabetes complications,371978,632.0,441.0,1639.0,280.0,17.1,8800.0,5.4
201617,Indigenous Australians,Persons,Chronic PPH,Hypertension,744956,75.0,45.0,338.0,101.0,29.9,755.0,2.2
201617,Indigenous Australians,Males,Chronic PPH,Hypertension,372978,47.0,30.0,113.0,33.0,29.2,266.0,2.4
201617,Indigenous Australians,Females,Chronic PPH,Hypertension,371978,100.0,60.0,225.0,68.0,30.2,489.0,2.2
201617,Indigenous Australians,Persons,Chronic PPH,Iron deficiency anaemia,744956,315.0,200.0,1492.0,1144.0,76.7,2129.0,1.4
201617,Indigenous Australians,Males,Chronic PPH,Iron deficiency anaemia,372978,185.0,95.0,356.0,247.0,69.4,583.0,1.6
201617,Indigenous Australians,Females,Chronic PPH,Iron deficiency anaemia,371978,436.0,305.0,1136.0,897.0,79.0,1546.0,1.4
201617,Indigenous Australians,Persons,Chronic PPH,Nutritional deficiencies,744956,8.0,6.0,46.0,,,,
201617,Indigenous Australians,Males,Chronic PPH,Nutritional deficiencies,372978,9.0,6.0,22.0,,,,
201617,Indigenous Australians,Females,Chronic PPH,Nutritional deficiencies,371978,8.0,6.0,24.0,,,,
201617,Indigenous Australians,Persons,Chronic PPH,Rheumatic heart disease,744956,90.0,92.0,684.0,117.0,17.1,4494.0,6.6
201617,Indigenous Australians,Males,Chronic PPH,Rheumatic heart disease,372978,73.0,80.0,297.0,40.0,13.5,1978.0,6.7
201617,Indigenous Australians,Females,Chronic PPH,Rheumatic heart disease,371978,106.0,104.0,387.0,77.0,19.9,2516.0,6.5
201617,Indigenous Australians,Persons,Chronic PPH,Total chronic,744956,3695.0,2216.0,16507.0,3880.0,23.5,64382.0,3.9
201617,Indigenous Australians,Males,Chronic PPH,Total chronic,372978,3359.0,1879.0,7007.0,1496.0,21.4,28974.0,4.1
201617,Indigenous Australians,Females,Chronic PPH,Total chronic,371978,4014.0,2554.0,9500.0,2384.0,25.1,35408.0,3.7
201617,Indigenous Australians,Persons,Chronic PPH,Type 1 diabetes complications,744956,121.0,123.0,915.0,161.0,17.6,3275.0,3.6
201617,Indigenous Australians,Males,Chronic PPH,Type 1 diabetes complications,372978,107.0,102.0,382.0,77.0,20.2,1460.0,3.8
201617,Indigenous Australians,Females,Chronic PPH,Type 1 diabetes complications,371978,135.0,143.0,533.0,84.0,15.8,1815.0,3.4
201617,Indigenous Australians,Persons,Chronic PPH,Type 2 diabetes complications,744956,553.0,310.0,2311.0,439.0,19.0,15079.0,6.5
201617,Indigenous Australians,Males,Chronic PPH,Type 2 diabetes complications,372978,625.0,330.0,1231.0,250.0,20.3,8221.0,6.7
201617,Indigenous Australians,Females,Chronic PPH,Type 2 diabetes complications,371978,489.0,290.0,1080.0,189.0,17.5,6858.0,6.4
201617,Indigenous Australians,Persons,Total PPH,Total potentially preventable,744956,7636.0,5629.0,41936.0,11442.0,27.3,150596.0,3.6
201617,Indigenous Australians,Males,Total PPH,Total potentially preventable,372978,7017.0,5031.0,18766.0,5068.0,27.0,71004.0,3.8
201617,Indigenous Australians,Females,Total PPH,Total potentially preventable,371978,8227.0,6229.0,23170.0,6374.0,27.5,79592.0,3.4
201617,Indigenous Australians,Persons,Vaccine preventable PPH,Other vaccine-preventable conditions,744956,691.0,474.0,3532.0,664.0,18.8,23945.0,6.8
201617,Indigenous Australians,Males,Vaccine preventable PPH,Other vaccine-preventable conditions,372978,736.0,487.0,1816.0,337.0,18.6,12957.0,7.1
201617,Indigenous Australians,Females,Vaccine preventable PPH,Other vaccine-preventable conditions,371978,650.0,461.0,1716.0,327.0,19.1,10988.0,6.4
201617,Indigenous Australians,Persons,Vaccine preventable PPH,Other vaccine-preventable conditions (excluding Hepatitis B),744956,39.0,51.0,381.0,26.0,6.8,2368.0,6.2
201617,Indigenous Australians,Males,Vaccine preventable PPH,Other vaccine-preventable conditions (excluding Hepatitis B),372978,37.0,51.0,192.0,14.0,7.3,866.0,4.5
201617,Indigenous Australians,Females,Vaccine preventable PPH,Other vaccine-preventable conditions (excluding Hepatitis B),371978,41.0,51.0,189.0,12.0,6.3,1502.0,7.9
201617,Indigenous Australians,Persons,Vaccine preventable PPH,Pneumonia and influenza (vaccine-preventable),744956,342.0,232.0,1725.0,97.0,5.6,10648.0,6.2
201617,Indigenous Australians,Males,Vaccine preventable PPH,Pneumonia and influenza (vaccine-preventable),372978,285.0,201.0,749.0,36.0,4.8,4697.0,6.3
201617,Indigenous Australians,Females,Vaccine preventable PPH,Pneumonia and influenza (vaccine-preventable),371978,393.0,262.0,976.0,61.0,6.3,5951.0,6.1
201617,Indigenous Australians,Persons,Vaccine preventable PPH,Total vaccine preventable,744956,1022.0,699.0,5208.0,761.0,14.6,34171.0,6.6
201617,Indigenous Australians,Males,Vaccine preventable PPH,Total vaccine preventable,372978,1010.0,681.0,2539.0,373.0,14.7,17422.0,6.9
201617,Indigenous Australians,Females,Vaccine preventable PPH,Total vaccine preventable,371978,1032.0,718.0,2669.0,388.0,14.5,16749.0,6.3
201718,Indigenous Australians,Males,Acute PPH,Cellulitis,381508,805.0,643.0,2452.0,438.0,17.9,6888.0,2.8
201718,Indigenous Australians,Persons,Acute PPH,Cellulitis,761300,796.0,644.0,4905.0,870.0,17.7,13795.0,2.8
201718,Indigenous Australians,Females,Acute PPH,Cellulitis,379792,788.0,646.0,2453.0,432.0,17.6,6907.0,2.8
201718,Indigenous Australians,Persons,Acute PPH,Convulsions,761300,244.0,226.0,1718.0,575.0,33.5,3140.0,1.8
201718,Indigenous Australians,Females,Acute PPH,Convulsions,379792,200.0,193.0,733.0,247.0,33.7,1424.0,1.9
201718,Indigenous Australians,Males,Acute PPH,Convulsions,381508,291.0,258.0,985.0,328.0,33.3,1716.0,1.7
201718,Indigenous Australians,Persons,Acute PPH,Convulsions and epilepsy,761300,572.0,509.0,3876.0,1265.0,32.6,8357.0,2.2
201718,Indigenous Australians,Females,Acute PPH,Convulsions and epilepsy,379792,433.0,408.0,1551.0,512.0,33.0,3139.0,2.0
201718,Indigenous Australians,Males,Acute PPH,Convulsions and epilepsy,381508,720.0,609.0,2325.0,753.0,32.4,5218.0,2.2
201718,Indigenous Australians,Males,Acute PPH,Dental conditions,381508,378.0,455.0,1736.0,1262.0,72.7,2379.0,1.4
201718,Indigenous Australians,Females,Acute PPH,Dental conditions,379792,442.0,499.0,1894.0,1339.0,70.7,2582.0,1.4
201718,Indigenous Australians,Persons,Acute PPH,Dental conditions,761300,410.0,477.0,3630.0,2601.0,71.7,4961.0,1.4
201718,Indigenous Australians,Persons,Acute PPH,"Ear, nose and throat infections",761300,412.0,521.0,3966.0,1477.0,37.2,6012.0,1.5
201718,Indigenous Australians,Males,Acute PPH,"Ear, nose and throat infections",381508,331.0,466.0,1778.0,641.0,36.1,2693.0,1.5
201718,Indigenous Australians,Females,Acute PPH,"Ear, nose and throat infections",379792,489.0,576.0,2188.0,836.0,38.2,3319.0,1.5
201718,Indigenous Australians,Persons,Acute PPH,Eclampsia,761300,,,,,,,
201718,Indigenous Australians,Males,Acute PPH,Eclampsia,381508,,,,,,,
201718,Indigenous Australians,Females,Acute PPH,Eclampsia,379792,,,,,,,
201718,Indigenous Australians,Males,Acute PPH,Epilepsy,381508,430.0,351.0,1340.0,425.0,31.7,3502.0,2.6
201718,Indigenous Australians,Females,Acute PPH,Epilepsy,379792,233.0,215.0,818.0,265.0,32.4,1715.0,2.1
201718,Indigenous Australians,Persons,Acute PPH,Epilepsy,761300,328.0,283.0,2158.0,690.0,32.0,5217.0,2.4
201718,Indigenous Australians,Females,Acute PPH,Gangrene,379792,183.0,135.0,514.0,22.0,4.3,6280.0,12.2
201718,Indigenous Australians,Persons,Acute PPH,Gangrene,761300,195.0,141.0,1071.0,60.0,5.6,12778.0,11.9
201718,Indigenous Australians,Males,Acute PPH,Gangrene,381508,208.0,146.0,557.0,38.0,6.8,6498.0,11.7
201718,Indigenous Australians,Persons,Acute PPH,Pelvic inflammatory disease,761300,76.0,75.0,573.0,130.0,22.7,1381.0,2.4
201718,Indigenous Australians,Males,Acute PPH,Pelvic inflammatory disease,381508,,,,,,,
201718,Indigenous Australians,Females,Acute PPH,Pelvic inflammatory disease,379792,,,,,,,
201718,Indigenous Australians,Males,Acute PPH,Perforated/bleeding ulcer,381508,46.0,28.0,107.0,8.0,7.5,603.0,5.6
201718,Indigenous Australians,Persons,Acute PPH,Perforated/bleeding ulcer,761300,35.0,22.0,165.0,16.0,9.7,940.0,5.7
201718,Indigenous Australians,Females,Acute PPH,Perforated/bleeding ulcer,379792,25.0,15.0,58.0,8.0,13.8,337.0,5.8
201718,Indigenous Australians,Males,Acute PPH,Pneumonia (not vaccine-preventable),381508,25.0,16.0,60.0,,,,
201718,Indigenous Australians,Persons,Acute PPH,Pneumonia (not vaccine-preventable),761300,22.0,15.0,116.0,,,,
201718,Indigenous Australians,Females,Acute PPH,Pneumonia (not vaccine-preventable),379792,19.0,15.0,56.0,,,,
201718,Indigenous Australians,Persons,Acute PPH,Total acute,761300,3154.0,2871.0,21857.0,7147.0,32.7,58974.0,2.7
201718,Indigenous Australians,Males,Acute PPH,Total acute,381508,2766.0,2531.0,9656.0,3265.0,33.8,26762.0,2.8
201718,Indigenous Australians,Females,Acute PPH,Total acute,379792,3527.0,3213.0,12201.0,3882.0,31.8,32212.0,2.6
201718,Indigenous Australians,Persons,Acute PPH,"Urinary tract infections, including pyelonephritis",761300,642.0,473.0,3600.0,732.0,20.3,10213.0,2.8
201718,Indigenous Australians,Females,Acute PPH,"Urinary tract infections, including pyelonephritis",379792,1002.0,772.0,2933.0,603.0,20.6,7981.0,2.7
201718,Indigenous Australians,Males,Acute PPH,"Urinary tract infections, including pyelonephritis",381508,261.0,175.0,667.0,129.0,19.3,2232.0,3.3
201718,Indigenous Australians,Persons,Acute and vaccine preventable PPH,Total acute and vaccine preventable,761300,4366.0,3704.0,28196.0,8350.0,29.6,97178.0,3.4
201718,Indigenous Australians,Males,Acute and vaccine preventable PPH,Total acute and vaccine preventable,381508,3959.0,3322.0,12674.0,3714.0,29.3,46599.0,3.7
201718,Indigenous Australians,Females,Acute and vaccine preventable PPH,Total acute and vaccine preventable,379792,4760.0,4087.0,15521.0,4636.0,29.9,50578.0,3.3
201718,Indigenous Australians,Males,Chronic PPH,Angina,381508,325.0,171.0,654.0,215.0,32.9,1282.0,2.0
201718,Indigenous Australians,Females,Chronic PPH,Angina,379792,314.0,184.0,699.0,235.0,33.6,1260.0,1.8
201718,Indigenous Australians,Persons,Chronic PPH,Angina,761300,319.0,178.0,1353.0,450.0,33.3,2542.0,1.9
201718,Indigenous Australians,Persons,Chronic PPH,Asthma,761300,261.0,248.0,1886.0,578.0,30.6,3527.0,1.9
201718,Indigenous Australians,Males,Chronic PPH,Asthma,381508,154.0,175.0,669.0,209.0,31.2,1078.0,1.6
201718,Indigenous Australians,Females,Chronic PPH,Asthma,379792,361.0,320.0,1217.0,369.0,30.3,2449.0,2.0
201718,Indigenous Australians,Males,Chronic PPH,Bronchiectasis,381508,109.0,88.0,335.0,55.0,16.4,1507.0,4.5
201718,Indigenous Australians,Persons,Chronic PPH,Bronchiectasis,761300,92.0,75.0,571.0,98.0,17.2,2713.0,4.8
201718,Indigenous Australians,Females,Chronic PPH,Bronchiectasis,379792,76.0,62.0,236.0,43.0,18.2,1206.0,5.1
201718,Indigenous Australians,Persons,Chronic PPH,COPD,761300,1336.0,679.0,5171.0,549.0,10.6,19218.0,3.7
201718,Indigenous Australians,Males,Chronic PPH,COPD,381508,1200.0,560.0,2135.0,231.0,10.8,7973.0,3.7
201718,Indigenous Australians,Females,Chronic PPH,COPD,379792,1462.0,799.0,3036.0,318.0,10.5,11245.0,3.7
201718,Indigenous Australians,Persons,Chronic PPH,Congestive cardiac failure,761300,520.0,270.0,2052.0,191.0,9.3,10195.0,5.0
201718,Indigenous Australians,Males,Chronic PPH,Congestive cardiac failure,381508,488.0,246.0,940.0,104.0,11.1,4382.0,4.7
201718,Indigenous Australians,Females,Chronic PPH,Congestive cardiac failure,379792,548.0,293.0,1112.0,87.0,7.8,5813.0,5.2
201718,Indigenous Australians,Persons,Chronic PPH,Diabetes complications,761300,718.0,470.0,3577.0,708.0,19.8,20647.0,5.8
201718,Indigenous Australians,Males,Chronic PPH,Diabetes complications,381508,759.0,456.0,1740.0,362.0,20.8,10644.0,6.1
201718,Indigenous Australians,Females,Chronic PPH,Diabetes complications,379792,685.0,484.0,1837.0,346.0,18.8,10003.0,5.4
201718,Indigenous Australians,Females,Chronic PPH,Hypertension,379792,118.0,67.0,253.0,57.0,22.5,607.0,2.4
201718,Indigenous Australians,Males,Chronic PPH,Hypertension,381508,65.0,38.0,144.0,33.0,22.9,285.0,2.0
201718,Indigenous Australians,Persons,Chronic PPH,Hypertension,761300,93.0,52.0,397.0,90.0,22.7,892.0,2.2
201718,Indigenous Australians,Persons,Chronic PPH,Iron deficiency anaemia,761300,360.0,231.0,1762.0,1412.0,80.1,2450.0,1.4
201718,Indigenous Australians,Males,Chronic PPH,Iron deficiency anaemia,381508,223.0,111.0,424.0,293.0,69.1,735.0,1.7
201718,Indigenous Australians,Females,Chronic PPH,Iron deficiency anaemia,379792,491.0,352.0,1338.0,1119.0,83.6,1715.0,1.3
201718,Indigenous Australians,Persons,Chronic PPH,Nutritional deficiencies,761300,10.0,9.0,66.0,,,,
201718,Indigenous Australians,Males,Chronic PPH,Nutritional deficiencies,381508,9.0,9.0,33.0,,,,
201718,Indigenous Australians,Females,Chronic PPH,Nutritional deficiencies,379792,12.0,9.0,33.0,,,,
201718,Indigenous Australians,Males,Chronic PPH,Rheumatic heart disease,381508,69.0,74.0,284.0,33.0,11.6,1888.0,6.6
201718,Indigenous Australians,Females,Chronic PPH,Rheumatic heart disease,379792,105.0,109.0,413.0,98.0,23.7,2354.0,5.7
201718,Indigenous Australians,Persons,Chronic PPH,Rheumatic heart disease,761300,87.0,92.0,697.0,131.0,18.8,4242.0,6.1
201718,Indigenous Australians,Persons,Chronic PPH,Total chronic,761300,3796.0,2303.0,17532.0,4210.0,24.0,67458.0,3.8
201718,Indigenous Australians,Males,Chronic PPH,Total chronic,381508,3401.0,1929.0,7358.0,1536.0,20.9,30293.0,4.1
201718,Indigenous Australians,Females,Chronic PPH,Total chronic,379792,4171.0,2679.0,10174.0,2674.0,26.3,37165.0,3.7
201718,Indigenous Australians,Persons,Chronic PPH,Type 1 diabetes complications,761300,136.0,133.0,1016.0,161.0,15.8,3969.0,3.9
201718,Indigenous Australians,Males,Chronic PPH,Type 1 diabetes complications,381508,123.0,112.0,427.0,65.0,15.2,1994.0,4.7
201718,Indigenous Australians,Females,Chronic PPH,Type 1 diabetes complications,379792,150.0,155.0,589.0,96.0,16.3,1975.0,3.4
201718,Indigenous Australians,Persons,Chronic PPH,Type 2 diabetes complications,761300,572.0,329.0,2504.0,540.0,21.6,16232.0,6.5
201718,Indigenous Australians,Males,Chronic PPH,Type 2 diabetes complications,381508,622.0,334.0,1275.0,293.0,23.0,8336.0,6.5
201718,Indigenous Australians,Females,Chronic PPH,Type 2 diabetes complications,379792,529.0,324.0,1229.0,247.0,20.1,7896.0,6.4
201718,Indigenous Australians,Persons,Total PPH,Total potentially preventable,761300,7989.0,5902.0,44932.0,12497.0,27.8,159040.0,3.5
201718,Indigenous Australians,Males,Total PPH,Total potentially preventable,381508,7181.0,5149.0,19642.0,5213.0,26.5,74045.0,3.8
201718,Indigenous Australians,Females,Total PPH,Total potentially preventable,379792,8763.0,6659.0,25289.0,7284.0,28.8,84994.0,3.4
201718,Indigenous Australians,Persons,Vaccine preventable PPH,Other vaccine-preventable conditions,761300,771.0,526.0,4001.0,1040.0,26.0,24202.0,6.0
201718,Indigenous Australians,Males,Vaccine preventable PPH,Other vaccine-preventable conditions,381508,787.0,516.0,1968.0,374.0,19.0,12997.0,6.6
201718,Indigenous Australians,Females,Vaccine preventable PPH,Other vaccine-preventable conditions,379792,758.0,535.0,2032.0,666.0,32.8,11204.0,5.5
201718,Indigenous Australians,Persons,Vaccine preventable PPH,Other vaccine-preventable conditions (excluding Hepatitis B),761300,36.0,43.0,330.0,35.0,10.6,2643.0,8.0
201718,Indigenous Australians,Males,Vaccine preventable PPH,Other vaccine-preventable conditions (excluding Hepatitis B),381508,45.0,52.0,198.0,19.0,9.6,1716.0,8.7
201718,Indigenous Australians,Females,Vaccine preventable PPH,Other vaccine-preventable conditions (excluding Hepatitis B),379792,28.0,35.0,132.0,16.0,12.1,927.0,7.0
201718,Indigenous Australians,Persons,Vaccine preventable PPH,Pneumonia and influenza (vaccine-preventable),761300,510.0,355.0,2699.0,200.0,7.4,17035.0,6.3
201718,Indigenous Australians,Males,Vaccine preventable PPH,Pneumonia and influenza (vaccine-preventable),381508,468.0,317.0,1208.0,92.0,7.6,7905.0,6.5
201718,Indigenous Australians,Females,Vaccine preventable PPH,Pneumonia and influenza (vaccine-preventable),379792,550.0,393.0,1491.0,108.0,7.2,9130.0,6.1
201718,Indigenous Australians,Persons,Vaccine preventable PPH,Total vaccine preventable,761300,1268.0,872.0,6640.0,1240.0,18.7,40415.0,6.1
201718,Indigenous Australians,Males,Vaccine preventable PPH,Total vaccine preventable,381508,1243.0,825.0,3146.0,466.0,14.8,20582.0,6.5
201718,Indigenous Australians,Females,Vaccine preventable PPH,Total vaccine preventable,379792,1295.0,920.0,3493.0,774.0,22.2,19832.0,5.7
